epoch,train_loss,val_loss,val_dice_macro,val_dice_global,val_iou_macro,val_iou_global,used_batches,gt_empty_batches,dice_zero_batches,best_val_dice_global,early_counter,epoch_time_sec
1,1.4705052854668381,1.29882858808224,0.10325243240424146,0.10455534967277688,0.055167121717151844,0.055161383717919066,24,2,0,0.10455534967277688,0,266.7757887840271
2,1.234876908807673,1.152694284915924,0.10333405045984011,0.10462177825948704,0.055214366855467406,0.05519836466381552,24,2,0,0.10462177825948704,0,262.20495104789734
3,1.146979586690919,1.1068699153570027,0.10340402602572994,0.10468769683793412,0.0552544175941894,0.0552350642494523,24,2,0,0.10468769683793412,0,262.06921577453613
4,1.0920059487350986,1.0971542528042426,0.10348677535427699,0.10478347015819699,0.05530046629757179,0.055288389747710484,24,2,0,0.10478347015819699,0,262.09410667419434
5,1.0365368339241061,1.014123091330895,0.10927610761540739,0.11374349105627532,0.05847149491225695,0.060301178825339065,24,2,0,0.11374349105627532,0,262.2055330276489
6,1.0070029430919223,0.9429426147387578,0.11895777336479145,0.12379912535180235,0.06392573789455391,0.06598393968610405,24,2,0,0.12379912535180235,0,262.33020520210266
7,0.9705009580167949,0.9553387142144717,0.12999450168103813,0.13355248227140215,0.07044483293083377,0.07155437321587854,24,2,0,0.13355248227140215,0,262.29781317710876
8,0.9448269939320719,0.9071091298873608,0.19815350314392507,0.19761080684208399,0.11211127248634506,0.10963825548457466,24,2,0,0.19761080684208399,0,262.413635969162
9,0.9298810979239961,0.9476335300849035,0.28587545672630493,0.2761867680501797,0.1728856381666224,0.1602184986930298,24,2,0,0.2761867680501797,0,262.29007291793823
10,0.906887908012439,0.9262317441976987,0.4148829597048715,0.4200058906225511,0.26890950042305933,0.2658275041215453,24,2,0,0.4200058906225511,0,262.37648844718933
11,0.8998798600628845,0.98015862932572,0.5584911325071917,0.5855174298103363,0.4048767703215898,0.4139446057167222,24,2,0,0.5855174298103363,0,262.43987584114075
12,0.8904564724518702,0.9241035145062667,0.7376880190923353,0.7820286148866465,0.6019038101365617,0.6420747026120528,24,2,0,0.7820286148866465,0,262.33258390426636
13,0.8716397616598341,0.9041597522222079,0.766910076345789,0.8075786425378341,0.6370245280153143,0.6772594582309447,24,2,0,0.8075786425378341,0,262.251033782959
14,0.8656834993097517,0.8514067163834205,0.7913523385703742,0.8271268912375188,0.6670426324540245,0.7052143024322852,24,2,0,0.8271268912375188,0,262.3704869747162
15,0.8535970110669096,0.846672209409567,0.8254341866875138,0.8539099830951457,0.7101242089036562,0.7450636254569482,24,2,0,0.8539099830951457,0,262.4474129676819
16,0.8405715795154245,0.8421129584312439,0.8470493492104695,0.866310721354697,0.7391069961073286,0.7641518162629987,24,2,0,0.866310721354697,0,262.3700487613678
17,0.8261240066116692,0.8540092706680298,0.8687919308400511,0.8847851270759334,0.771304843916797,0.7933763694847864,24,2,0,0.8847851270759334,0,262.4537341594696
18,0.8192210900477874,0.8201460471520057,0.8462910932461324,0.8701161974225423,0.7390300621968521,0.7700935223937709,24,2,0,0.8847851270759334,1,262.4308657646179
19,0.8002543431571406,0.7885875335106483,0.8724105596201972,0.8912252131603271,0.7775746370186384,0.8037928204523621,24,2,0,0.8912252131603271,0,262.4331064224243
20,0.7956506360290397,0.8186075549859267,0.8656925716747677,0.880997769997421,0.7669566248814085,0.7873065364627473,24,2,0,0.8912252131603271,1,262.54580330848694
21,0.7933939603658823,0.8119106040551112,0.8926649058447684,0.9017626765522117,0.8081895062167871,0.82110000935065,24,2,0,0.9017626765522117,0,262.52402329444885
22,0.7702966928482056,0.7997871935367584,0.8952099836848798,0.907741422339706,0.8126713538472213,0.8310682478540581,24,2,0,0.907741422339706,0,262.46394896507263
23,0.7596294001126901,0.8150792442835294,0.8937558386913499,0.9061836323214532,0.8101582134020625,0.828460479380726,24,2,0,0.907741422339706,1,262.5016038417816
24,0.7571870029991509,0.7742355672212747,0.9102093366178616,0.9200554412593934,0.8368274589511792,0.8519469206200084,24,2,0,0.9200554412593934,0,262.436247587204
25,0.7506610847945906,0.7884701719650855,0.902242863482979,0.9122209197653798,0.8237935738657446,0.8386086259064897,24,2,0,0.9200554412593934,1,262.432599067688
26,0.738483781233812,0.774718199784939,0.9196026482816055,0.9275964295974978,0.8526075336255724,0.8649695461656713,24,2,0,0.9275964295974978,0,262.4436104297638
27,0.7302139684175833,0.7781210977297562,0.9274499732197081,0.9362485234201066,0.8659188634883561,0.8801384007759724,24,2,0,0.9362485234201066,0,262.3522791862488
28,0.7172868638976008,0.7883473176222581,0.920982812985712,0.9287136862527035,0.8549107009086252,0.8669145440718996,24,2,0,0.9362485234201066,1,262.45841789245605
29,0.7152113216555017,0.7879587434805356,0.9307746685643835,0.9378126018630683,0.8716854835178346,0.8829069178451789,24,2,0,0.9378126018630683,0,262.4468710422516
30,0.705692341694465,0.8001279693383437,0.9365183265725059,0.94332056593217,0.881655101319052,0.8927216102813038,24,2,0,0.94332056593217,0,262.4352216720581
31,0.7058895212462825,0.7894651591777802,0.9420792290347246,0.9488517231333572,0.8913580781286018,0.9026811383468941,24,2,0,0.9488517231333572,0,262.44644594192505
32,0.7011732731619452,0.7895034093123215,0.930457295609286,0.93847219716946,0.8712126876651071,0.8840768886759679,24,2,0,0.9488517231333572,1,262.45399713516235
33,0.6876418717906007,0.7600649090913626,0.9464730419157131,0.9516203853932677,0.8990986319885138,0.9077059226778644,24,2,0,0.9516203853932677,0,262.24492287635803
34,0.6812156713925875,0.7899817136617807,0.9364753578808657,0.9413880939225461,0.881580625844749,0.8892664899365575,24,2,0,0.9516203853932677,1,262.38366293907166
35,0.6861980977730874,0.750361979007721,0.9547860886491065,0.959008926189248,0.9139957866631745,0.9212460609086761,24,2,0,0.959008926189248,0,262.42452573776245
36,0.6755120794997256,0.7710955693171575,0.9438136919959038,0.9494531478405694,0.8945120132036589,0.9037703990916162,24,2,0,0.959008926189248,1,262.3984694480896
37,0.6723119858493153,0.7904361463510073,0.9434340121303143,0.9477398122007834,0.8941513407445109,0.9006705976237346,24,2,0,0.959008926189248,2,262.3821392059326
38,0.6685342590014139,0.7499718734851251,0.9603497052666765,0.9635914056690085,0.9241733039475574,0.9297408482906426,24,2,0,0.9635914056690085,0,262.3406856060028
39,0.6598046047565265,0.7554977811299838,0.9565298295416903,0.9601888884035094,0.9173337934540015,0.9234262624192081,24,2,0,0.9635914056690085,1,262.3819696903229
40,0.658348494870031,0.738074385202848,0.966884849796266,0.9692345266903655,0.9361633101079511,0.9403055804520672,24,2,0,0.9692345266903655,0,262.3455264568329
41,0.6519601439308916,0.7383465973230509,0.9645005088786726,0.9677187077125502,0.9317963519490404,0.9374564035430362,24,2,0,0.9692345266903655,1,262.238210439682
42,0.6528078590193366,0.7200759832675641,0.9673464119016729,0.9700162342953921,0.9369933643353073,0.9417781780587656,24,2,0,0.9700162342953921,0,262.41803193092346
43,0.6472857691283919,0.7436309181726896,0.9674216639576603,0.9700695982889568,0.9371995948601106,0.9418787878067892,24,2,0,0.9700695982889568,0,262.4032995700836
44,0.6447826483820238,0.7331436001337491,0.96598557010317,0.9697581650080036,0.9345001066512763,0.9412917744847136,24,2,0,0.9700695982889568,1,262.43044781684875
45,0.6434938721677177,0.7730724077958328,0.9672790931103825,0.9690249081415211,0.9369172619488805,0.939911076216901,24,2,0,0.9700695982889568,2,262.35938835144043
46,0.6433261258479877,0.7551879126292008,0.9662257080702638,0.9687496713542904,0.934989157891268,0.9393933213349875,24,2,0,0.9700695982889568,3,262.41132712364197
47,0.6365294698466603,0.7790561753969926,0.9674353456696534,0.9703705118646414,0.9371805531183875,0.9424463101012832,24,2,0,0.9703705118646414,0,262.429319858551
48,0.6295875321086656,0.7350589816386883,0.9707552472102271,0.9727203193663986,0.9434113180943916,0.946889476842809,24,2,0,0.9727203193663986,0,262.41135454177856
49,0.6256155972806816,0.758950059230511,0.9660429887544973,0.9689111470911242,0.9345993481227723,0.9396970439139773,24,2,0,0.9727203193663986,1,262.5476989746094
50,0.6280295212044675,0.7338479321736556,0.9669080509347552,0.9698847232912491,0.9362419822855764,0.9415302784267602,24,2,0,0.9727203193663986,2,262.45652747154236
51,0.6282784617864169,0.733655544427725,0.9696281171702817,0.9718102907620833,0.9412912763518344,0.9451663268273505,24,2,0,0.9727203193663986,3,262.50198316574097
52,0.6183244535046765,0.7221187100960658,0.9677326239261204,0.9702962784572553,0.9378055028409932,0.9423062752492702,24,2,0,0.9727203193663986,4,262.6460921764374
53,0.6201428378749098,0.7800734134820791,0.9708284068107935,0.9735457406404122,0.9434763012363633,0.9484550643764824,24,2,0,0.9735457406404122,0,262.64445781707764
54,0.6105796220975045,0.7596290592963879,0.9747562697909057,0.9766807301378451,0.9508912641932068,0.954424253409601,24,2,0,0.9766807301378451,0,262.47784328460693
55,0.6108097301589118,0.7227959678723261,0.9756898729459275,0.9775617067266436,0.9526285628056561,0.9561082689860536,24,2,0,0.9775617067266436,0,262.5733423233032
56,0.6097544788295387,0.7361571788787842,0.9767763720912361,0.9786404854827067,0.9546947022748289,0.9581743466160629,24,2,0,0.9786404854827067,0,262.47203946113586
57,0.6063243344298794,0.7639470421350919,0.9724191733253478,0.9749733153163403,0.9464854245870792,0.9511687157854174,24,2,0,0.9786404854827067,1,262.4795038700104
58,0.6034550394257928,0.7472281455993652,0.9726817257543785,0.9749341792306395,0.9469515115339061,0.9510942219289933,24,2,0,0.9786404854827067,2,262.60819602012634
59,0.6067425657031883,0.7367482643861037,0.9697499353482885,0.9720444371157676,0.9415096894238495,0.9456093942314107,24,2,0,0.9786404854827067,3,262.4774446487427
60,0.6005326540042193,0.7602109496410077,0.9703507764639238,0.9730541457533995,0.9426079611989174,0.9475223467037244,24,2,0,0.9786404854827067,4,262.4888496398926
61,0.5975971038524921,0.7316519136612232,0.9790113269454251,0.9799219205910158,0.9589685110309546,0.9606342302334013,24,2,0,0.9799219205910158,0,262.57401967048645
62,0.595381518205007,0.7493662994641525,0.9793591128565954,0.9802035478094323,0.9596238062668245,0.9611756794249599,24,2,0,0.9802035478094323,0,262.6364920139313
63,0.5936956156013359,0.7467031364257519,0.9775616762366957,0.9787642476795332,0.956191875039398,0.9584116551497253,24,2,0,0.9802035478094323,1,262.57678747177124
64,0.5896600607113961,0.7528156798619491,0.977024611224412,0.9783296856679312,0.9551900591381207,0.9575786552118117,24,2,0,0.9802035478094323,2,262.6167531013489
65,0.5893620917430291,0.7241580692621378,0.9792880402960819,0.9804177905454445,0.9594795354639905,0.9615877772817726,24,2,0,0.9804177905454445,0,262.5656485557556
66,0.5857494460721301,0.7394290153796856,0.980432187689789,0.9812530357718174,0.9616677086012224,0.9631960341744223,24,2,0,0.9812530357718174,0,262.6268332004547
67,0.5873403383625878,0.7969980514966525,0.9781218763194727,0.979760967752157,0.9572626842634236,0.9603249207134308,24,2,0,0.9812530357718174,1,262.5105540752411
68,0.5816108617517683,0.7492003876429337,0.976277938786811,0.9776369386913266,0.9537613766778771,0.9562522118511451,24,2,0,0.9812530357718174,2,262.545747756958
69,0.5800409722022521,0.746417570572633,0.9784040011889216,0.9793673854220079,0.9577901538472098,0.9595689687292167,24,2,0,0.9812530357718174,3,262.6684536933899
70,0.5827917617100936,0.7338025822089269,0.9810201453592776,0.9815914310768135,0.9628000793365267,0.9638483620721087,24,2,0,0.9815914310768135,0,262.59314012527466
71,0.5799670937733773,0.697802151624973,0.9838935208197105,0.9841734130487332,0.9683324778752033,0.968839982818788,24,2,0,0.9841734130487332,0,262.6515176296234
72,0.5766048090070741,0.7486030023831588,0.9823775553733265,0.9829688572161944,0.9654041248666784,0.9665081194324335,24,2,0,0.9841734130487332,1,262.61439037323
73,0.5791591805780035,0.7368457431976612,0.9795591096030409,0.9807259157441957,0.9599958379315886,0.9621807626554603,24,2,0,0.9841734130487332,2,262.5541114807129
74,0.570369697534121,0.7254990637302399,0.9807219992200413,0.9814975384755769,0.9622206359203725,0.9636673209474037,24,2,0,0.9841734130487332,3,262.59209847450256
75,0.5712161260282892,0.7629577563359187,0.9839937197180073,0.9843767653904797,0.9685243059052774,0.9692341922139525,24,2,0,0.9843767653904797,0,262.60414242744446
76,0.5689569217527014,0.7533498177161584,0.9795757281614833,0.9805046637889798,0.9600150985625241,0.9617549281128152,24,2,0,0.9843767653904797,1,262.5610456466675
77,0.5702057361093342,0.7493602289603307,0.9811962362648109,0.9816895054423299,0.9631280422102204,0.964037502008415,24,2,0,0.9843767653904797,2,262.59719133377075
78,0.5676545806420155,0.7302397329073685,0.98215414112495,0.9827744796047889,0.9649701223814776,0.9661323471544078,24,2,0,0.9843767653904797,3,262.7343850135803
79,0.56534282824932,0.767497026003324,0.9838531784051961,0.9842488074026091,0.9682558254639941,0.9689861203960525,24,2,0,0.9843767653904797,4,262.89832949638367
80,0.566769632518801,0.7378160930596865,0.9830476885904359,0.9832718627583982,0.9666977456925042,0.9670941786130057,24,2,0,0.9843767653904797,5,262.7908194065094
81,0.5645153637115772,0.7335635354885688,0.9818614844936051,0.9821478705467996,0.9644142873258117,0.9649219588256093,24,2,0,0.9843767653904797,6,262.45125555992126
82,0.5624931011444483,0.7376053562531104,0.9838227526069958,0.9838470462654959,0.9682033534227169,0.9682076331616424,24,2,0,0.9843767653904797,7,262.6386399269104
83,0.5603773117574871,0.739852263377263,0.9846117064952993,0.9845444187858643,0.9697385810116113,0.9695593160349643,24,2,0,0.9845444187858643,0,262.5968334674835
84,0.5599494413432912,0.7612196711393503,0.9853814938312436,0.9856486606904009,0.9712124482168699,0.9717034152695712,24,2,0,0.9856486606904009,0,262.4767339229584
85,0.5589528160217481,0.7312936301414783,0.9841876546335628,0.9844843752827089,0.9689040312574098,0.9694428636258346,24,2,0,0.9856486606904009,1,262.5417468547821
86,0.5576107318584735,0.7364552846321692,0.9855271781248685,0.9855896598594993,0.9714993623770115,0.9715887357013638,24,2,0,0.9856486606904009,2,262.6099896430969
87,0.5576727375006064,0.7375405545418079,0.9831854189546582,0.9838033548322821,0.9669545923646159,0.968123009961237,24,2,0,0.9856486606904009,3,262.58572459220886
88,0.5545757377249563,0.7368275225162506,0.9847086701283496,0.9849110032685501,0.9699110164249801,0.9702705934552815,24,2,0,0.9856486606904009,4,262.37378883361816
89,0.5556286173498529,0.7640498509773841,0.9830624827237119,0.9835733869054771,0.9667264551957687,0.9676777194085626,24,2,0,0.9856486606904009,5,262.44777154922485
90,0.5550514232908559,0.7757186316526853,0.9834146293387026,0.9835481809411674,0.9674082222475625,0.9676289249517683,24,2,0,0.9856486606904009,6,262.504079580307
91,0.5512184701923631,0.762738253061588,0.9776853328052151,0.9782307651260232,0.9564995833646223,0.9573891361552657,24,2,0,0.9856486606904009,7,262.41972613334656
92,0.5498633729851145,0.790615017597492,0.9838965295733764,0.9843883904292493,0.9683310805769926,0.9692567327438313,24,2,0,0.9856486606904009,8,262.2776074409485
93,0.5503356921621877,0.7745349842768449,0.9849753082470114,0.9853339232910296,0.9704222608787269,0.971091816222852,24,2,0,0.9856486606904009,9,262.45457315444946
94,0.5463486967178491,0.7501488259205451,0.9856227814161814,0.9859477275271891,0.9716791240786287,0.9722849149806769,24,2,0,0.9859477275271891,0,262.4121334552765
95,0.5495485443080592,0.7943144830373617,0.9849658330709872,0.9852585404021313,0.9704070801411034,0.970945388190386,24,2,0,0.9859477275271891,1,262.3035306930542
96,0.5490806182989707,0.7653615520550654,0.9846033859636529,0.9849150950867145,0.969699922261955,0.9702785356372252,24,2,0,0.9859477275271891,2,262.26123094558716
97,0.5459584386175514,0.7655860300247486,0.9855926564131999,0.9858184942941501,0.9716189042948532,0.9720335943298833,24,2,0,0.9859477275271891,3,262.26589918136597
98,0.5470607223419043,0.7627498988921826,0.9858822567125493,0.9863698590057266,0.9721785075313542,0.973106283163791,24,2,0,0.9863698590057266,0,262.32486963272095
99,0.5477422024959173,0.7736876973739037,0.9860433918219421,0.9860696346373305,0.9724995793620202,0.9725220471966304,24,2,0,0.9863698590057266,1,262.2224018573761
100,0.5443800133772385,0.8076951251580164,0.9849765147692192,0.9856707749831488,0.9704221800897659,0.971746402127745,24,2,0,0.9863698590057266,2,262.3707528114319
101,0.5408754672250177,0.7920541946704571,0.9851119574290729,0.9852376528987805,0.9706867178187014,0.9709048189590603,24,2,0,0.9863698590057266,3,262.2446360588074
102,0.5393028670651281,0.7528397097037389,0.9875910480523192,0.9875491039937695,0.9755078854940958,0.9754044446889327,24,2,0,0.9875491039937695,0,262.3314378261566
103,0.5409494195228968,0.7707100143799415,0.987944392806359,0.9876691522993781,0.9762107520715363,0.9756387000778851,24,2,0,0.9876691522993781,0,262.38918948173523
104,0.5390126551063652,0.7729219106527475,0.9860591872631069,0.9861203899282739,0.9725365021936638,0.9726207925796158,24,2,0,0.9876691522993781,1,262.3913402557373
105,0.5420058502091302,0.7511382676087893,0.9860386015387493,0.9864067653145437,0.9724843913137278,0.9731781266482614,24,2,0,0.9876691522993781,2,262.3624532222748
106,0.5382654787892969,0.7459918329348931,0.9876189455044077,0.9875330108820304,0.9755739638368482,0.9753730457348927,24,2,0,0.9876691522993781,3,262.2175672054291
107,0.5366479717513435,0.7902543453069834,0.9879692589090401,0.9882525781830767,0.9762436441843981,0.9767779555181333,24,2,0,0.9882525781830767,0,262.3706519603729
108,0.5365598927705716,0.7839564360105075,0.9886938056352584,0.9885655570749581,0.9776612486390922,0.9773896508962584,24,2,0,0.9885655570749581,0,262.45097398757935
109,0.5354413513699149,0.7495396320636456,0.9886211572664503,0.9886904482228406,0.9775165882929611,0.9776338476042568,24,2,0,0.9886904482228406,0,262.4795858860016
110,0.5349782231526498,0.7744041543740493,0.9880315605282474,0.9879076000070662,0.9763727058421209,0.9761041580926444,24,2,0,0.9886904482228406,1,262.4432315826416
111,0.5337643175043612,0.808126300573349,0.9894428499151194,0.9894316542453084,0.9791246343365293,0.9790843522873278,24,2,0,0.9894316542453084,0,262.5549566745758
112,0.5346275911881373,0.783096602329841,0.9859929844314177,0.986041399042054,0.9724011516042902,0.9724671185889475,24,2,0,0.9894316542453084,1,262.5367958545685
113,0.533757553778143,0.7893351224752573,0.9883499701630797,0.9879145268344226,0.9770018050344578,0.9761176827728262,24,2,0,0.9894316542453084,2,262.55810832977295
114,0.5305100810578746,0.806340964940878,0.9882438773082106,0.9883116200882534,0.9767777327225616,0.9768933198328003,24,2,0,0.9894316542453084,3,262.444536447525
115,0.5316275160791527,0.7597523560890784,0.9885139123473664,0.9886257111157203,0.9773065290359549,0.9775072611410214,24,2,0,0.9894316542453084,4,262.43327617645264
116,0.531759646967945,0.7785037916440231,0.9867534484306182,0.9866392851424012,0.9738894065361062,0.9736308805705455,24,2,0,0.9894316542453084,5,262.49271869659424
117,0.5308527765620468,0.7630421886077294,0.9895876421804527,0.9895646518590033,0.9794096058618064,0.9793448474260217,24,2,0,0.9895646518590033,0,262.6074094772339
118,0.5316629267146444,0.8133666698749249,0.9879385022545271,0.988133915698323,0.9761802118785328,0.9765461369132337,24,2,0,0.9895646518590033,1,262.60722303390503
119,0.5291363495027918,0.7876730561256409,0.9898681992634087,0.9899261636091056,0.979951537747163,0.9800532673395654,24,2,0,0.9899261636091056,0,262.5671184062958
120,0.5289438397456439,0.7950333677805387,0.9870165874134664,0.9870477557513023,0.9743941605902684,0.9744267425789571,24,2,0,0.9899261636091056,1,262.47580456733704
121,0.5267412700714209,0.7823214530944824,0.9887417853374862,0.9887147762362152,0.9777531908967322,0.9776814226123397,24,2,0,0.9899261636091056,2,262.5509498119354
122,0.5275401219598248,0.8032424037273114,0.9871607572787217,0.9875774836369119,0.9746674928543756,0.9754598180852134,24,2,0,0.9899261636091056,3,262.5570924282074
123,0.5279879212124735,0.8111580174702865,0.9893313499726869,0.9891102929808369,0.9789120691427547,0.9784552024942981,24,2,0,0.9899261636091056,4,262.6414361000061
124,0.5250374109317095,0.7854069838157067,0.9905688702421921,0.9902668058131959,0.9813334661554712,0.9807212553913459,24,2,0,0.9902668058131959,0,262.6725172996521
125,0.5261425175982662,0.8052220115294824,0.9880093299266107,0.9880463278232192,0.9763252599769189,0.9763750604292634,24,2,0,0.9902668058131959,1,262.5498514175415
126,0.5264528844601069,0.8098123830098373,0.9892425027353738,0.9891482001933208,0.9787317339272218,0.9785293950928228,24,2,0,0.9902668058131959,2,262.5631721019745
127,0.5270002540360149,0.810296336045632,0.986704547461651,0.9866961202247039,0.9737815027335146,0.9737415793212079,24,2,0,0.9902668058131959,3,262.56149458885193
128,0.5259122730065615,0.7842695506719443,0.9905860622059973,0.9904234484642271,0.9813661062187848,0.9810285777315155,24,2,0,0.9904234484642271,0,262.36847972869873
129,0.5255464053052104,0.785171811397259,0.989746007263485,0.9896387668623129,0.97971971434072,0.9794900421792508,24,2,0,0.9904234484642271,1,262.3739514350891
130,0.5239998691866541,0.7834610274204841,0.9891564002588814,0.9888956632090902,0.9785665949303973,0.9780352306149666,24,2,0,0.9904234484642271,2,262.42344784736633
131,0.5255756676197052,0.7764393847722274,0.9885259658597465,0.9885441976774906,0.9773352237735998,0.9773478934102618,24,2,0,0.9904234484642271,3,262.33460235595703
132,0.5263703818249906,0.8188296212599828,0.9898446338309816,0.9896459651352071,0.9799107081439334,0.9795041450669746,24,2,0,0.9904234484642271,4,262.47075033187866
133,0.5243739492108679,0.8584224902666532,0.9887327699543244,0.9890126985736453,0.9777307336173999,0.9782642147713366,24,2,0,0.9904234484642271,5,262.46284008026123
134,0.5240057298006155,0.8374756070283743,0.9899887365210271,0.98983720543147,0.9801904751286726,0.9798788974941991,24,2,0,0.9904234484642271,6,262.4856560230255
135,0.5230361773417547,0.8054980773192185,0.9896337934377667,0.9894678290139016,0.9794967066516066,0.9791551990357302,24,2,0,0.9904234484642271,7,262.45807695388794
136,0.520992058974046,0.8412149021258721,0.9877190050742232,0.9876541397383548,0.9757568852386297,0.9756094023865436,24,2,0,0.9904234484642271,8,262.28117990493774
137,0.5229584047427545,0.8174987962612739,0.9909784336567657,0.9906979457080195,0.9821385949346154,0.9815673529001072,24,2,0,0.9906979457080195,0,262.40252685546875
138,0.5210463996881094,0.7887701185849997,0.9911599907262522,0.990784474693545,0.9824992980625745,0.9817372502198546,24,2,0,0.990784474693545,0,262.42953872680664
139,0.521311154604977,0.8001846579404978,0.9900162661898829,0.9897117595907935,0.9802534362794605,0.9796330591652946,24,2,0,0.990784474693545,1,262.4129595756531
140,0.5240732896277028,0.7876269358855027,0.9914386380583683,0.991229435561686,0.9830407546777171,0.982611379143091,24,2,0,0.991229435561686,0,262.3732590675354
141,0.5189958725474838,0.8381508176143353,0.9897544310901988,0.9896779229683695,0.9797374097981199,0.9795667594200118,24,2,0,0.991229435561686,1,262.4157063961029
142,0.5203808729465191,0.8251228928565979,0.9902902586461507,0.9899680185608106,0.9807988477709717,0.9801353192303975,24,2,0,0.991229435561686,2,262.53050923347473
143,0.5206956272451286,0.791959251348789,0.9895014573750157,0.9894681940762553,0.9792397087333408,0.9791559140207027,24,2,0,0.991229435561686,3,262.5697467327118
144,0.5196493850049809,0.8029537086303418,0.991424172888526,0.9911561905683768,0.9830138880537214,0.9824674357934442,24,2,0,0.991229435561686,4,262.55027985572815
145,0.5197584323393993,0.8465372117666098,0.9902936594084616,0.9901036031829237,0.9807963668345909,0.9804011642218606,24,2,0,0.991229435561686,5,262.7616560459137
146,0.5219995990777627,0.8267004329424638,0.9902750219625386,0.9900930442856115,0.980756935784031,0.9803804585000002,24,2,0,0.991229435561686,6,262.8027353286743
147,0.5203464074522002,0.8167672409461095,0.9905529272518797,0.990268956843771,0.9813116474857094,0.9807254749228834,24,2,0,0.991229435561686,7,262.7190172672272
148,0.5181878625582426,0.8166947754529806,0.9910007390057222,0.9906726379514901,0.982182241869788,0.9815176673114673,24,2,0,0.991229435561686,8,262.73741269111633
149,0.51993832590743,0.8043912740854117,0.9913744129436748,0.9910533853587121,0.9829141637413938,0.9822654350359882,24,2,0,0.991229435561686,9,262.8441233634949
150,0.5174081060621474,0.8117120770307688,0.9916638250135615,0.9914416735965152,0.9834784848884465,0.9830285940248917,24,2,0,0.9914416735965152,0,262.8143801689148
151,0.5169963067413396,0.8146296510329614,0.9906175528954902,0.990338545267994,0.9814292337278868,0.9808619915384008,24,2,0,0.9914416735965152,1,262.6992769241333
152,0.5190538471071129,0.8184024531107682,0.9892349335103683,0.9894575953112217,0.9787131522392575,0.9791351562490344,24,2,0,0.9914416735965152,2,262.7324755191803
153,0.5177314192311376,0.8833503264647263,0.9897020310340864,0.9897703864317073,0.9796266447911823,0.9797479435746099,24,2,0,0.9914416735965152,3,262.4232852458954
154,0.5186630562584624,0.8457372715839973,0.9902017816678647,0.9901344034658702,0.9806126623241381,0.9804615652459326,24,2,0,0.9914416735965152,4,262.43358087539673
155,0.5171865980085145,0.8740244714113382,0.9915252176738917,0.9914644187020233,0.9832055355186085,0.9830733164872746,24,2,0,0.9914644187020233,0,262.3759961128235
156,0.5161724276522286,0.8502979163940136,0.9905456724842034,0.9905168557032648,0.9812836753062916,0.9812118818420853,24,2,0,0.9914644187020233,1,262.37430930137634
157,0.5200745315633268,0.8740076239292438,0.9876658258356669,0.9879816414262456,0.9756497359020101,0.976248734082864,24,2,0,0.9914644187020233,2,262.4291937351227
158,0.516564940285479,0.8369146287441254,0.9905213211991697,0.9902177243357381,0.9812436710188419,0.9806249804536787,24,2,0,0.9914644187020233,3,262.39888644218445
159,0.5172550750211773,0.8363986427967365,0.9910732630955161,0.9908476984810402,0.9823273584893851,0.9818614068358485,24,2,0,0.9914644187020233,4,262.4848940372467
160,0.5164309029395764,0.844871298624919,0.9916840474345969,0.9914304013242106,0.983521423023979,0.9830064307172437,24,2,0,0.9914644187020233,5,262.55066108703613
161,0.5162274362439783,0.8257494935622582,0.9903146654806648,0.9901393554684141,0.9808392836188128,0.9804712767350994,24,2,0,0.9914644187020233,6,262.4763307571411
162,0.5171956450511248,0.8374796257569239,0.9914802528524388,0.9913986187308664,0.9831185614035917,0.9829439431099919,24,2,0,0.9914644187020233,7,262.5345275402069
163,0.5161914797420175,0.856601031926962,0.9916070650841903,0.9914683044778088,0.9833652461351977,0.9830809570783521,24,2,0,0.9914683044778088,0,262.4158158302307
164,0.5170681444116128,0.8455705390526698,0.990259310539045,0.9900561903724121,0.9807283071958014,0.980308192331503,24,2,0,0.9914683044778088,1,262.4879274368286
165,0.5154953297768903,0.8133655167542971,0.9929472053512217,0.9925826784475678,0.9860098189522396,0.985274580069753,24,2,0,0.9925826784475678,0,262.4649546146393
166,0.5127761439762564,0.8115959511353419,0.9924996225381416,0.9920607373545657,0.985131627990453,0.9842465455218067,24,2,0,0.9925826784475678,1,262.48572540283203
167,0.5127129947655221,0.8220284214386573,0.9926755452130355,0.9923024202259291,0.9854762160481232,0.9847224406834506,24,2,0,0.9925826784475678,2,262.4722020626068
168,0.5141724898264959,0.8536688066445864,0.9904203820398099,0.9903907512519909,0.9810357867617178,0.9809644201260534,24,2,0,0.9925826784475678,3,262.5835235118866
169,0.5126265558040041,0.8602292400140029,0.9910706261209149,0.9906759193172624,0.9823283662618243,0.981524109329819,24,2,0,0.9925826784475678,4,262.41984391212463
170,0.5159274261986089,0.8512556369488056,0.9904390303501609,0.990370299091794,0.9810780128721187,0.9809242915505683,24,2,0,0.9925826784475678,5,262.50886154174805
171,0.5151000666694764,0.900747530735456,0.9901669273142703,0.990317668910393,0.9805384161590159,0.9808210349107364,24,2,0,0.9925826784475678,6,262.5072121620178
172,0.5122634997097855,0.8347904544610244,0.9939996795644634,0.9936200755862008,0.98808571026973,0.9873210419663024,24,2,0,0.9936200755862008,0,262.43300557136536
173,0.5172488665224141,0.8385916031323947,0.9918579739767471,0.9915185031675302,0.9838687775659883,0.9831796679282483,24,2,0,0.9936200755862008,1,262.44905066490173
174,0.5132763606106114,0.8343595839463748,0.9921117116982213,0.9920028626987321,0.9843594079754361,0.9841326190217587,24,2,0,0.9936200755862008,2,262.46006083488464
175,0.5115290983365133,0.8577729326028091,0.9942151204448598,0.9939011389561208,0.9885090521900949,0.9878762191668693,24,2,0,0.9939011389561208,0,262.51608872413635
176,0.5121344486490275,0.8853367039790521,0.9893762698669141,0.9892423508266256,0.9790063537768537,0.9787136922838582,24,2,0,0.9939011389561208,1,262.50211548805237
177,0.5115409906730692,0.8530306953650254,0.9923341437591414,0.9919976585008368,0.9847998378279567,0.9841223751776974,24,2,0,0.9939011389561208,2,262.49564695358276
178,0.5136096981855539,0.8272090004040644,0.9934772314564276,0.9934316023534833,0.9870466809990573,0.9869489293288476,24,2,0,0.9939011389561208,3,262.4588897228241
179,0.5142316779392397,0.8729254993108603,0.9910981499255661,0.9908342451272486,0.9823760552095101,0.9818349863171743,24,2,0,0.9939011389561208,4,262.5089662075043
180,0.5120692996897249,0.8400384577421042,0.9899945025364549,0.9898655138004184,0.9802115030627655,0.9799343823262379,24,2,0,0.9939011389561208,5,262.5460374355316
181,0.5109146029775978,0.88203715131833,0.9908798423613295,0.9907975161675203,0.981937784446694,0.9817628593272325,24,2,0,0.9939011389561208,6,262.4589138031006
182,0.5119315550750138,0.8666631785722879,0.9923654252652966,0.9920430742374403,0.9848652363676873,0.9842117742153715,24,2,0,0.9939011389561208,7,262.51533555984497
183,0.5122627601282209,0.885598402756911,0.9938256746092898,0.9935882155218209,0.987739708237492,0.9872581291732319,24,2,0,0.9939011389561208,8,262.50099658966064
184,0.5122108823723264,0.8746556868919959,0.9922044807639887,0.9919321233871636,0.9845448026964555,0.9839933861597797,24,2,0,0.9939011389561208,9,262.5552272796631
185,0.5115741874672409,0.8523238736849564,0.9921370859597283,0.9918021617803119,0.9844182483884415,0.9837376397589503,24,2,0,0.9939011389561208,10,262.43048000335693
186,0.5100402882975391,0.8777339320916396,0.9917952148386046,0.9916196705471365,0.9837408862316511,0.9833786336204903,24,2,0,0.9939011389561208,11,262.4454469680786
187,0.5111029931367972,0.8711595076781052,0.9940573168572427,0.9937742186592033,0.988195924055954,0.9876254783841838,24,2,0,0.9939011389561208,12,262.41980814933777
188,0.5118804630688113,0.8474033635396224,0.9926578411610296,0.9923381296571943,0.9854414039314551,0.9847927750998474,24,2,0,0.9939011389561208,13,262.58752393722534
189,0.511596041230055,0.8613938070260562,0.9932477067728748,0.9929030141817163,0.9866019969046529,0.9859060529060819,24,2,0,0.9939011389561208,14,262.3509404659271
190,0.5104788698447056,0.8275137131030743,0.9940585881723015,0.9936514187411539,0.9882037201607403,0.9873829379261319,24,2,0,0.9939011389561208,15,262.28524899482727
